order_date,region,product,quantity,sales,profit
2023-04-13,East,Desk,4,4567.37,897.03
2023-07-08,North,Webcam,5,1020.51,82.86
2023-11-27,East,Monitor,8,3310.21,260.09
2023-05-11,South,Laptop,6,519.39,100.97
2023-10-21,West,USB Hub,2,469.11,40.66
2023-11-10,West,Desk Chair,6,170.03,9.29
2023-02-28,North,Desk Chair,3,1413.92,348.74
2023-05-11,West,Headphones,5,3684.51,309.89
2023-06-16,South,Mouse,2,2279.37,554.18
2023-08-30,North,Monitor,9,349.56,33.62
2023-04-02,South,Printer,7,5178.57,1121.88
2023-02-04,West,Desk,1,325.36,59.38
2023-01-02,South,Desk Chair,6,1592.23,260.39
2023-07-10,West,Mouse,2,1869.31,444.71
2023-09-27,East,Laptop,8,5544.99,854.85
2023-07-09,East,Laptop,8,8132.4,1622.12
2023-02-22,East,Printer,8,3527.75,374.6
2023-02-10,North,Desk,1,38.45,5.18
2023-05-09,South,Desk Chair,8,212.13,45.2
2023-03-22,West,Desk Chair,8,7041.83,1438.32
2023-09-18,North,Keyboard,7,5517.9,1285.63
2023-07-20,North,Monitor,8,4402.81,304.16
2023-03-03,North,Mouse,8,6446.31,1084.65
2023-08-02,South,Printer,3,1731.64,128.0
2023-05-11,South,Desk Chair,1,871.64,84.72
2023-12-25,West,Headphones,9,7727.24,557.74
2023-06-28,West,Keyboard,7,4066.56,661.45
2023-08-10,North,Webcam,5,1570.82,207.47
2023-06-20,East,Keyboard,4,4530.27,769.12
2023-08-31,South,Desk Chair,6,6353.71,1111.08
2023-03-03,South,Monitor,9,1300.35,183.75
2023-04-18,West,Desk Chair,4,4292.88,677.71
2023-12-14,South,Desk Chair,9,3557.2,256.16
2023-10-10,South,Headphones,9,8867.32,1969.84
2023-12-25,North,Headphones,6,3736.09,498.7
2023-06-14,East,Headphones,1,161.44,18.97
2023-11-11,North,Desk,6,1668.85,269.72
2023-06-29,North,Printer,1,96.57,9.73
2023-09-25,North,USB Hub,7,4247.27,467.95
2023-04-23,East,USB Hub,8,508.21,87.37
2023-05-10,West,Monitor,6,354.0,42.13
2023-05-06,West,Webcam,2,1293.01,180.45
2023-07-17,South,Monitor,7,5691.84,1151.6
2023-05-03,East,Laptop,1,879.3,108.64
2023-04-08,North,Monitor,6,2943.68,627.85
2023-05-24,South,USB Hub,1,197.85,30.0
2023-12-15,West,Keyboard,3,2151.76,399.18
2023-12-12,South,Desk,3,2925.63,350.3
2023-07-18,East,Keyboard,4,4519.27,585.31
2023-02-08,North,Desk,2,2017.0,373.42
2023-05-31,South,Headphones,3,869.07,73.86
2023-04-22,South,Mouse,9,5666.67,578.94
2023-10-31,West,Monitor,5,5412.47,955.95
2023-01-09,West,Desk Chair,9,3888.61,759.02
2023-05-11,East,Printer,4,4267.05,878.91
2023-04-26,North,Desk,1,210.72,48.4
2023-12-06,East,Webcam,3,1377.88,327.97
2023-06-02,East,Laptop,2,419.51,67.02
2023-11-06,South,Keyboard,3,2367.94,224.61
2023-06-10,West,Monitor,4,1199.82,138.08
2023-05-15,East,Laptop,3,2387.95,390.82
2023-01-22,North,Desk Chair,6,7050.56,1038.89
2023-09-21,East,Mouse,2,866.19,155.07
2023-11-13,West,Laptop,3,2084.89,424.71
2023-01-17,North,Laptop,5,5312.61,1060.1
2023-02-06,East,Monitor,8,3282.28,526.98
2023-04-05,West,Webcam,3,3530.37,229.72
2023-09-10,North,Headphones,5,1226.38,127.17
2023-11-19,East,Headphones,2,1354.05,321.22
2023-02-27,West,Webcam,3,2078.02,144.29
2023-10-15,West,Keyboard,6,2659.22,268.14
2023-09-30,East,Desk Chair,8,6739.83,1283.92
2023-06-25,North,USB Hub,7,2565.07,543.47
2023-12-21,South,Printer,2,2086.29,485.37
2023-11-09,North,Monitor,4,3847.95,692.6
2023-05-22,West,Headphones,3,1256.5,157.21
2023-11-18,East,Monitor,7,5690.94,658.05
2023-07-05,South,Mouse,6,4303.1,241.4
2023-06-29,North,Laptop,6,2267.12,356.88
2023-04-11,East,Desk Chair,1,996.89,103.98
2023-04-18,North,Keyboard,5,2797.86,611.07
2023-12-16,East,Printer,3,2316.5,452.22
2023-09-26,South,Headphones,2,1258.47,144.21
2023-05-25,East,Headphones,8,2716.66,374.34
2023-12-12,East,Mouse,5,1187.57,78.59
2023-05-07,West,Printer,9,7491.87,461.79
2023-05-02,West,Keyboard,1,541.98,53.09
2023-04-28,South,Desk Chair,9,7191.3,762.18
2023-09-29,West,Webcam,7,5567.74,763.53
2023-12-15,East,Mouse,7,534.14,87.18
2023-03-27,East,Desk,9,3810.76,260.5
2023-02-16,North,Desk Chair,1,387.47,95.28
2023-07-23,West,Webcam,5,2893.48,244.91
2023-08-10,South,Printer,5,2451.18,424.47
2023-11-21,South,Webcam,4,293.83,36.71
2023-09-07,East,Desk,3,1841.1,407.43
2023-11-21,North,Keyboard,4,2986.82,713.19
2023-09-15,South,Desk Chair,1,1043.29,184.96
2023-12-06,North,Printer,8,6552.47,1079.02
2023-02-02,East,Monitor,1,977.22,209.25
2023-09-25,South,Headphones,3,2964.31,534.46
2023-02-12,West,Webcam,2,131.95,22.91
2023-08-03,West,USB Hub,1,793.75,100.87
2023-03-31,South,Keyboard,2,655.24,97.77
2023-11-10,South,Laptop,5,2155.19,511.49
2023-08-05,West,Laptop,5,5808.73,927.04
2023-12-23,West,Desk,9,6217.69,1027.07
2023-04-09,North,Desk Chair,4,1835.93,376.88
2023-06-01,West,Mouse,7,7828.06,1735.34
2023-07-02,East,Webcam,7,6372.52,450.06
2023-09-30,East,Desk,1,616.2,132.66
2023-12-08,East,Desk,3,1437.77,75.0
2023-08-21,North,Mouse,3,383.15,43.63
2023-07-25,South,Keyboard,4,2786.63,491.47
2023-03-10,North,USB Hub,3,2192.64,352.45
2023-02-22,West,Laptop,7,6593.51,479.3
2023-06-30,South,USB Hub,7,8366.39,511.81
2023-06-12,East,Monitor,7,4649.26,888.78
2023-08-27,East,Desk Chair,9,8267.24,1435.55
2023-09-10,South,Mouse,6,715.48,136.08
2023-06-19,East,Desk,9,8908.15,1703.67
2023-01-05,East,Keyboard,5,1476.05,245.41
2023-12-31,West,Mouse,1,1058.82,103.06
2023-11-23,East,USB Hub,9,6465.86,776.19
2023-09-09,South,Monitor,3,2811.1,454.5
2023-04-01,West,Headphones,3,453.64,67.38
2023-05-21,West,USB Hub,2,1146.04,70.21
2023-11-13,East,Keyboard,9,8083.53,1505.22
2023-12-14,North,Mouse,9,4161.13,445.83
2023-11-08,East,Keyboard,1,283.84,68.87
2023-02-13,North,Keyboard,5,356.06,83.65
2023-09-09,South,Headphones,5,1592.64,301.14
2023-02-16,South,Printer,9,2482.51,270.34
2023-01-01,West,Monitor,5,4211.86,534.23
2023-01-12,West,Desk Chair,8,3884.29,277.15
2023-01-08,West,Headphones,4,2268.66,273.76
2023-06-27,West,Headphones,5,5848.93,1446.1
2023-05-25,East,Monitor,9,3467.18,737.67
2023-08-08,South,Laptop,3,2971.78,713.11
2023-09-13,East,Desk,5,3719.15,497.06
2023-11-08,East,Keyboard,2,1341.75,111.32
2023-10-16,West,Desk Chair,6,5858.72,1449.77
2023-06-26,North,Monitor,5,4522.51,581.59
2023-11-11,West,Laptop,1,1009.23,145.07
2023-04-09,West,Laptop,1,36.13,2.35
2023-07-16,South,USB Hub,5,5980.16,963.32
2023-02-22,East,USB Hub,5,4566.78,573.45
2023-03-26,West,Headphones,9,1551.67,373.66
2023-07-24,East,Printer,4,1159.19,213.69
2023-10-15,North,Desk,2,885.26,64.37
2023-06-03,North,Headphones,2,1163.86,251.71
2023-11-02,South,Printer,1,671.25,108.87
2023-08-10,East,Desk Chair,9,6445.33,941.08
2023-07-26,West,Webcam,5,3759.83,717.44
2023-04-13,North,Printer,6,4490.23,1105.01
2023-11-02,North,Desk Chair,2,1542.48,248.28
2023-11-04,North,Desk,9,5638.57,1165.66
2023-01-30,South,Mouse,7,4464.95,846.23
2023-10-12,West,Webcam,4,2248.12,491.03
2023-09-30,West,Laptop,4,2247.12,552.81
2023-02-22,East,Webcam,2,815.85,144.14
2023-08-28,West,USB Hub,3,1961.91,278.64
2023-12-02,South,Monitor,6,5059.49,435.18
2023-07-03,South,USB Hub,9,9703.89,1405.05
2023-04-03,North,Desk Chair,2,1460.57,138.42
2023-10-04,East,USB Hub,5,2135.99,255.3
2023-01-22,North,Headphones,5,3337.42,523.59
2023-01-12,South,Monitor,2,343.85,39.89
2023-03-14,East,Laptop,9,5289.76,992.13
2023-02-25,West,Desk,1,346.72,73.24
2023-04-23,South,Mouse,3,713.2,65.52
2023-05-07,West,Webcam,8,4733.9,822.05
2023-03-19,North,Webcam,8,6961.67,434.88
2023-07-06,North,Printer,8,1416.62,265.52
2023-08-26,East,Headphones,2,1095.89,171.53
2023-01-15,North,Desk Chair,9,8011.24,692.63
2023-02-08,North,Mouse,9,9108.34,617.92
2023-05-06,East,Printer,9,9637.4,1626.01
2023-03-09,West,Laptop,3,2356.83,343.9
2023-08-16,West,Desk,6,4274.84,851.07
2023-08-24,North,Laptop,3,1400.86,164.59
2023-06-29,West,Monitor,2,616.67,92.28
2023-08-17,North,Laptop,9,2699.35,189.92
2023-07-17,East,Webcam,6,1861.38,152.89
2023-11-27,South,Desk Chair,8,8625.47,569.68
2023-08-31,West,USB Hub,8,6739.32,1681.13
2023-01-06,West,Desk,2,1399.36,326.72
2023-12-01,North,Mouse,6,7023.48,1040.53
2023-03-03,North,Webcam,9,7810.02,1226.23
2023-01-26,South,Desk Chair,3,3028.58,275.65
2023-04-28,South,Mouse,4,2088.06,316.39
2023-04-23,East,Monitor,1,740.53,79.77
2023-10-20,East,Monitor,4,1593.43,268.93
2023-06-27,East,Webcam,8,1428.87,89.55
2023-06-21,North,Headphones,2,800.76,169.74
2023-11-17,North,Headphones,5,115.99,8.51
2023-02-07,South,Printer,7,6700.83,478.04
2023-03-10,North,Printer,2,333.34,65.39
2023-05-17,South,USB Hub,2,467.71,29.61
2023-10-23,South,Desk Chair,6,460.51,95.0
2023-09-24,East,USB Hub,9,8150.33,1710.81
2023-10-18,South,Keyboard,5,1199.79,116.55
2023-03-19,West,Headphones,4,1572.45,263.64
2023-10-23,North,Headphones,8,4305.43,539.85
2023-06-28,West,Monitor,6,3941.65,542.96
2023-06-02,East,Printer,1,1081.5,137.11
2023-11-05,South,Mouse,8,2322.0,368.2
2023-07-17,North,Desk Chair,6,2476.34,485.63
2023-02-11,South,Desk,4,3827.8,666.09
2023-08-19,West,Headphones,4,4789.11,960.12
2023-10-16,West,Headphones,4,2769.88,560.88
2023-05-03,West,Printer,1,141.44,22.25
2023-10-30,South,Mouse,4,2237.04,382.07
2023-01-15,South,Monitor,8,1575.22,150.99
2023-11-28,South,Monitor,2,68.8,11.67
2023-10-19,South,Mouse,5,4978.11,1203.78
2023-12-26,North,Printer,6,1729.64,233.02
2023-12-12,West,Laptop,8,4935.59,850.36
2023-04-21,East,Desk Chair,8,8392.85,1984.27
2023-12-22,East,Monitor,4,3809.2,208.0
2023-05-07,South,Monitor,1,700.02,119.94
2023-02-20,North,Headphones,8,8093.75,1878.86
2023-09-14,South,Desk Chair,5,5910.56,1287.2
2023-07-01,East,Keyboard,7,7746.15,1734.98
2023-02-24,West,Laptop,3,2153.12,279.48
2023-11-05,East,Desk Chair,9,2363.26,490.51
2023-06-03,South,Keyboard,9,1393.52,185.2
2023-03-31,West,Keyboard,6,2572.13,307.09
2023-12-13,West,Desk,1,712.74,40.32
2023-09-08,South,Webcam,3,938.72,155.38
2023-06-29,South,Headphones,6,359.86,40.41
2023-10-12,East,USB Hub,6,1678.29,155.3
2023-02-18,South,Headphones,7,8197.97,1162.45
2023-05-28,East,Keyboard,6,6213.27,975.57
2023-12-26,South,Mouse,1,373.52,41.83
2023-08-03,West,Headphones,3,803.07,184.39
2023-02-01,East,Monitor,1,63.13,9.12
2023-01-19,East,Mouse,2,733.95,141.51
2023-07-13,North,Laptop,6,3240.6,421.77
2023-06-15,West,Printer,3,609.55,52.66
2023-02-24,South,Desk Chair,7,6361.81,664.56
2023-06-11,North,Webcam,1,49.96,4.06
2023-06-27,South,Desk,7,5582.71,309.39
2023-09-04,South,Desk Chair,3,878.0,161.88
2023-11-24,West,Laptop,6,2522.04,413.33
2023-02-20,North,Printer,1,676.93,131.43
2023-10-18,East,Desk Chair,8,6978.2,1543.15
2023-06-14,West,Headphones,6,1571.29,170.69
2023-01-07,East,Webcam,7,6218.57,1365.76
2023-04-22,North,Laptop,3,2123.97,285.22
2023-01-02,South,Desk,1,984.58,116.54
2023-08-22,West,Desk,2,896.82,50.98
2023-01-20,South,Desk Chair,5,2136.63,437.51
2023-08-14,South,USB Hub,5,1837.35,440.4
2023-12-08,North,USB Hub,8,1238.41,202.05
2023-02-28,East,Webcam,7,6746.8,911.11
2023-04-25,North,Mouse,1,337.04,53.36
2023-08-25,East,Printer,9,2918.77,227.29
2023-08-23,East,Keyboard,4,704.34,162.08
2023-04-08,South,Monitor,7,5783.1,1240.57
2023-05-08,North,Webcam,5,4908.82,734.45
2023-02-03,East,Keyboard,1,498.19,74.48
2023-03-17,South,Mouse,7,1020.34,79.59
2023-01-27,West,Printer,9,3010.21,591.32
2023-04-08,South,Webcam,9,5429.19,893.96
2023-07-09,West,Mouse,2,432.43,85.45
2023-11-03,West,Mouse,5,3658.6,362.46
2023-05-29,West,Desk Chair,8,4287.11,999.34
2023-07-06,East,USB Hub,7,5181.94,1242.95
2023-02-24,South,Headphones,8,9003.67,1769.35
2023-10-16,South,Headphones,4,2628.06,216.56
2023-09-01,South,USB Hub,1,605.71,102.59
2023-07-20,South,Desk,2,291.57,18.96
2023-01-17,South,Printer,1,604.68,113.49
2023-02-11,East,Mouse,9,2796.79,598.01
2023-08-17,West,Keyboard,3,1023.39,171.98
2023-10-02,North,Headphones,5,640.33,149.49
2023-01-17,West,Desk,9,4916.58,427.87
2023-11-14,West,USB Hub,8,7319.22,1301.28
2023-03-22,West,Headphones,7,6121.09,1086.16
2023-07-19,South,Webcam,9,9773.72,1752.75
2023-02-28,North,Webcam,9,10205.91,590.77
2023-09-23,East,Keyboard,7,8394.66,1352.89
2023-03-27,West,Mouse,7,420.39,79.66
2023-05-17,North,Printer,3,3332.36,813.8
2023-08-03,North,Mouse,2,1798.35,109.66
2023-04-13,South,Monitor,1,787.2,96.78
2023-04-18,South,Webcam,2,2128.6,332.17
2023-07-02,West,Desk Chair,7,679.84,76.86
2023-01-04,West,Desk Chair,6,2376.77,416.36
2023-01-16,North,USB Hub,2,97.59,21.86
2023-09-08,South,Monitor,7,1672.01,212.0
2023-04-06,South,Printer,3,307.91,15.98
2023-01-29,North,Desk Chair,1,494.28,72.15
2023-07-04,South,Monitor,8,2724.73,353.28
2023-12-25,South,Monitor,4,3561.39,348.15
2023-01-03,West,Headphones,8,2871.54,313.75
2023-10-20,North,USB Hub,9,3124.56,725.11
2023-03-14,West,Headphones,1,482.12,36.1
2023-07-06,North,Desk Chair,5,4739.44,321.72
2023-07-17,South,Keyboard,7,7401.52,1768.57
2023-01-11,North,Monitor,2,434.2,107.78
2023-02-28,South,Laptop,8,9059.39,1630.05
2023-08-31,North,Monitor,2,946.45,54.28
2023-09-16,South,Desk Chair,8,3465.18,213.35
2023-02-16,North,USB Hub,7,7440.07,1752.51
2023-08-29,North,Laptop,3,2744.16,519.21
2023-08-04,West,Desk Chair,3,2948.05,279.73
2023-04-30,West,Mouse,9,6477.02,1075.3
2023-04-08,North,Keyboard,9,4334.22,453.32
2023-01-29,North,Mouse,9,651.28,143.57
2023-06-19,West,Mouse,9,3674.53,868.36
2023-08-14,South,Desk Chair,8,2545.01,129.84
2023-09-08,North,Headphones,5,387.82,60.7
2023-02-06,West,Mouse,5,5949.7,370.69
2023-10-28,East,USB Hub,3,2979.37,356.22
2023-12-20,South,Keyboard,8,5500.51,568.78
2023-09-19,West,Headphones,8,7687.7,1396.78
2023-12-19,North,Desk Chair,9,3727.17,364.29
2023-06-30,North,Headphones,4,2999.85,601.6
2023-01-07,West,Desk,5,5297.14,1188.51
2023-01-31,North,USB Hub,7,182.5,39.05
2023-06-07,West,Headphones,7,1467.88,313.53
2023-07-25,North,Webcam,7,1735.28,115.95
2023-06-04,East,Printer,1,680.62,49.8
2023-12-20,East,Laptop,8,7888.33,597.07
2023-03-15,South,Printer,9,10406.98,1231.92
2023-03-01,South,USB Hub,5,704.81,167.35
2023-12-18,South,USB Hub,4,400.19,44.1
2023-01-17,East,Printer,6,5136.69,743.35
2023-01-22,West,Printer,8,591.8,132.75
2023-07-11,West,Desk,4,3136.55,529.7
2023-01-07,South,Monitor,1,401.86,59.37
2023-02-27,South,Desk,7,3823.16,400.38
2023-10-12,South,Printer,4,2091.58,293.4
2023-02-08,North,Keyboard,7,6962.11,763.57
2023-10-15,East,Webcam,2,1863.86,178.95
2023-01-27,South,Printer,3,3426.06,274.81
2023-04-02,West,Headphones,5,5466.19,1210.61
2023-03-25,South,Keyboard,6,5501.47,761.73
2023-09-14,South,Printer,6,1748.08,161.91
2023-11-16,West,Headphones,1,788.97,97.6
2023-09-28,West,Mouse,8,1663.28,150.93
2023-04-03,North,Monitor,5,1006.58,141.66
2023-02-19,East,Headphones,4,164.31,34.4
2023-06-30,North,Mouse,8,8852.8,1534.46
2023-02-15,East,Desk Chair,9,193.08,32.76
2023-08-24,North,Printer,4,2111.04,190.22
2023-11-15,East,Desk,6,4240.36,440.14
2023-12-10,North,Desk,8,3089.82,435.8
2023-03-13,West,Monitor,5,527.44,67.78
2023-04-05,North,Printer,6,2184.97,412.95
2023-10-16,South,Laptop,6,6547.36,1275.8
2023-06-28,West,Monitor,8,1537.5,108.48
2023-02-15,South,Mouse,6,4496.54,856.56
2023-07-21,North,Printer,8,252.24,29.08
2023-01-02,North,Desk Chair,1,123.68,14.86
2023-03-18,East,Headphones,4,1768.82,202.39
2023-06-15,North,Monitor,7,1799.1,339.38
2023-05-23,North,Desk Chair,2,137.19,25.25
2023-12-26,North,Printer,3,3232.62,546.17
2023-03-14,North,Webcam,7,5202.92,571.11
2023-07-23,South,Desk,8,9102.99,1593.58
2023-03-25,East,Desk,7,5598.37,899.1
2023-11-10,South,Monitor,6,3322.41,593.77
2023-10-24,South,Desk,2,182.43,18.14
2023-01-25,East,Desk,3,836.02,204.97
2023-12-22,West,Mouse,8,8390.1,1147.19
2023-10-15,South,USB Hub,3,632.32,34.25
2023-07-30,West,Laptop,6,2472.79,391.93
2023-02-28,West,Headphones,3,348.6,45.55
2023-04-03,West,Keyboard,6,337.02,34.22
2023-11-28,South,USB Hub,1,1044.56,204.14
2023-01-24,South,Webcam,4,3047.77,600.62
2023-01-20,North,Monitor,8,5288.76,808.12
2023-04-15,South,Desk Chair,4,218.74,28.24
2023-08-16,East,Desk Chair,2,1450.63,302.59
2023-10-22,West,Printer,3,2156.92,501.42
2023-09-25,South,Headphones,3,2265.3,399.4
2023-08-13,North,USB Hub,3,2807.04,367.9
2023-03-28,North,Desk,2,467.11,103.17
2023-02-10,South,Laptop,6,6284.91,873.99
2023-08-19,South,Desk Chair,9,7217.04,498.35
2023-05-25,South,Printer,9,10475.16,1064.56
2023-08-17,West,Keyboard,5,2018.62,413.2
2023-06-13,North,Mouse,7,3888.3,377.98
2023-07-14,North,Desk,6,1321.89,203.51
2023-09-23,East,Desk Chair,9,4756.03,474.38
2023-06-20,North,Webcam,1,317.98,38.75
2023-10-11,East,Desk Chair,9,6610.82,802.2
2023-07-23,West,Desk Chair,5,4712.56,900.46
2023-11-08,North,Webcam,6,1577.36,114.18
2023-11-30,West,Keyboard,2,330.21,31.77
2023-10-09,East,Laptop,1,164.09,23.04
2023-09-02,West,Keyboard,5,709.52,118.44
2023-01-12,North,Webcam,4,4736.89,1151.18
2023-10-26,South,Webcam,2,802.59,196.33
2023-02-08,South,USB Hub,8,5027.23,742.87
2023-10-21,West,Monitor,4,673.5,51.55
2023-11-04,North,Desk Chair,2,516.37,95.37
2023-12-07,West,Monitor,1,882.38,71.68
2023-12-24,East,USB Hub,5,5783.75,584.51
2023-07-12,West,Printer,7,8223.49,1026.78
2023-04-24,South,Mouse,2,1498.12,335.25
2023-08-20,South,Mouse,1,55.86,13.19
2023-10-29,East,Keyboard,4,3273.14,304.84
2023-05-22,West,USB Hub,5,4035.13,667.56
2023-08-08,North,Keyboard,2,2398.62,143.06
2023-03-14,South,Headphones,1,500.15,112.11
2023-03-14,West,Webcam,5,3445.4,681.12
2023-11-20,West,Desk Chair,2,993.77,114.69
2023-04-12,North,Printer,3,2919.77,591.13
2023-10-06,North,Desk Chair,3,3135.91,392.41
2023-11-06,West,Desk,7,187.57,21.56
2023-03-17,West,Monitor,7,4794.01,604.45
2023-04-03,South,USB Hub,9,6514.68,1036.73
2023-10-18,North,Mouse,6,638.23,108.94
2023-04-20,East,Keyboard,2,1133.85,142.82
2023-10-09,South,Headphones,8,5060.13,737.95
2023-04-27,East,Desk Chair,9,4217.68,547.31
2023-10-20,South,Keyboard,4,2949.31,598.64
2023-11-22,South,Desk,2,1728.56,266.62
2023-01-21,West,Monitor,7,3698.92,848.32
2023-04-27,South,Desk,9,7132.84,898.84
2023-11-20,East,Printer,5,2927.18,260.26
2023-11-30,East,Desk,4,1291.99,138.21
2023-01-27,South,Printer,3,2116.5,143.76
2023-06-07,West,Desk,2,983.78,241.37
2023-03-31,East,USB Hub,9,5728.75,427.62
2023-04-18,East,Keyboard,7,4477.85,858.89
2023-11-08,West,Webcam,1,689.43,69.85
2023-02-05,East,Printer,4,2362.34,498.92
2023-06-21,East,Printer,8,5130.15,371.74
2023-05-21,North,Desk,7,5409.76,827.88
2023-08-08,West,Keyboard,9,8609.56,1543.88
2023-05-01,West,Mouse,8,7428.28,1198.39
2023-12-13,West,Monitor,5,1882.16,369.64
2023-04-10,East,Headphones,7,5653.96,390.73
2023-06-13,North,Laptop,1,520.25,41.93
2023-02-18,South,Mouse,3,3137.18,453.57
2023-05-29,North,Webcam,1,230.57,25.93
2023-06-09,North,USB Hub,9,4331.42,731.56
2023-09-11,South,Headphones,9,10670.28,824.68
2023-03-26,East,Monitor,2,994.19,134.85
2023-06-16,West,Headphones,9,7533.67,1870.24
2023-07-07,North,Laptop,3,2195.4,257.84
2023-10-15,South,Webcam,7,6521.86,671.62
2023-08-17,North,Desk,1,722.99,94.16
2023-12-19,South,Printer,6,2633.37,168.23
2023-02-18,South,Printer,2,1620.26,103.67
2023-06-09,West,Desk Chair,5,1699.77,286.52
2023-03-08,East,USB Hub,6,1754.27,248.0
2023-12-08,North,Laptop,6,490.56,61.66
2023-04-12,South,Printer,1,1194.67,166.38
2023-04-26,North,Keyboard,8,5639.68,382.11
2023-11-29,East,Mouse,9,1990.48,262.54
2023-06-07,South,Desk,9,8907.58,447.58
2023-05-16,South,Desk,4,2321.46,293.68
2023-10-06,North,Monitor,3,599.55,148.99
2023-12-26,West,Desk Chair,8,5257.2,1148.21
2023-05-29,West,Monitor,4,3023.32,205.06
2023-08-19,North,Desk,1,738.01,111.71
2023-08-14,West,Webcam,4,1510.77,155.04
2023-03-07,West,USB Hub,9,1110.77,263.69
2023-11-27,East,Keyboard,3,1465.31,204.32
2023-07-15,East,Keyboard,2,1257.0,293.99
2023-05-23,West,Webcam,6,4131.35,529.67
2023-01-12,North,USB Hub,1,157.31,33.58
2023-10-18,North,Headphones,8,5186.62,1007.68
2023-03-08,West,Monitor,7,2656.65,175.83
2023-06-12,South,Monitor,2,402.95,38.17
2023-07-25,South,Desk Chair,4,2784.76,658.72
2023-10-08,South,Desk Chair,6,2341.19,400.99
2023-11-17,North,Keyboard,6,5991.67,680.09
2023-01-25,West,Laptop,5,818.4,119.2
2023-01-25,South,Mouse,4,457.44,93.93
2023-05-08,North,Desk Chair,4,2154.5,153.26
2023-06-09,South,Keyboard,2,1574.47,126.6
2023-01-05,South,Headphones,3,738.91,68.24
2023-09-24,West,Mouse,2,176.36,33.33
2023-03-24,South,Mouse,9,1690.69,125.58
2023-07-09,South,USB Hub,3,689.29,129.81
2023-04-07,South,Desk Chair,4,3068.66,293.91
2023-04-11,East,USB Hub,7,1963.83,166.44
2023-05-04,East,Printer,6,3136.67,238.83
2023-04-26,East,Laptop,3,1361.87,180.89
2023-01-14,North,Keyboard,7,6199.65,1263.87
2023-07-02,West,Printer,2,355.78,47.57
2023-08-18,North,Desk,5,4585.71,355.03
2023-03-06,West,Webcam,5,5022.39,883.24
2023-06-30,East,Laptop,2,192.5,11.27
2023-07-07,East,Printer,5,5081.71,353.77
2023-10-09,East,Headphones,4,4161.2,410.69
2023-03-23,West,Headphones,8,7812.88,1350.19
2023-02-11,South,Keyboard,5,5741.71,439.98
2023-07-11,North,Monitor,1,797.26,190.2
2023-05-10,West,Laptop,1,1012.23,58.39
2023-08-20,North,Monitor,5,4968.28,740.72
2023-09-21,North,USB Hub,6,4627.62,799.59
2023-12-09,West,Printer,8,8490.42,604.0
2023-03-28,East,Webcam,5,382.2,22.02
2023-03-28,North,Monitor,1,105.06,6.75
2023-06-01,West,Desk,1,1148.67,226.86
2023-11-10,South,USB Hub,4,1730.6,354.65
2023-01-28,North,Printer,3,676.35,47.13
2023-12-16,West,Desk,6,5531.76,569.82
2023-02-07,North,Desk,1,368.62,75.14
2023-11-25,East,Desk,2,1614.95,84.12
2023-10-19,East,Keyboard,4,3736.27,667.97
2023-04-29,South,Keyboard,2,800.43,60.07
2023-12-13,North,Headphones,8,1235.75,181.91
2023-06-09,West,Headphones,2,342.31,40.27
2023-07-02,South,Mouse,9,4132.41,563.72
2023-05-04,East,Laptop,9,1918.32,200.96
2023-08-01,South,USB Hub,3,3199.71,573.27
2023-05-02,West,Monitor,7,7402.76,752.76
2023-01-18,North,Monitor,5,4554.75,647.27
2023-10-29,North,Keyboard,8,5425.76,467.26
2023-08-12,North,Mouse,6,5452.57,566.34
2023-12-14,North,Desk,2,294.75,55.14
2023-10-10,South,Laptop,2,543.89,82.22
2023-03-29,West,Desk,6,3959.04,665.39
2023-07-03,East,Headphones,3,1113.32,181.48
2023-01-30,East,Desk,7,4907.45,1106.28
2023-08-17,East,Laptop,8,4517.1,234.29
2023-05-09,North,Printer,5,5300.56,559.64
2023-08-12,South,Mouse,2,521.52,83.97
2023-10-29,West,USB Hub,7,5219.72,979.1
2023-04-22,West,Webcam,9,6065.89,309.64
2023-03-31,West,Keyboard,6,6015.38,314.04
2023-05-01,South,Mouse,2,1830.48,339.88
2023-08-31,East,Webcam,7,4024.84,605.38
2023-07-05,East,Webcam,4,1898.97,339.29
2023-01-24,West,Keyboard,6,4318.75,554.12
2023-11-06,North,Printer,8,1843.84,102.91
2023-09-17,East,Desk Chair,9,4297.09,560.62
2023-03-12,North,Monitor,4,2487.72,484.31
2023-08-17,East,Mouse,7,5946.31,360.11
2023-01-24,West,USB Hub,2,1454.51,247.89
2023-07-07,East,Desk Chair,3,1823.83,119.3
2023-06-01,West,Monitor,6,1605.68,345.26
2023-01-19,East,USB Hub,4,657.62,129.62
2023-05-26,East,Laptop,4,375.2,78.89
2023-10-30,West,USB Hub,9,10089.66,1801.14
2023-07-17,West,Laptop,4,2421.91,207.44
2023-07-17,East,Webcam,7,4863.66,814.93
2023-03-02,North,Mouse,2,430.09,81.74
2023-12-16,North,Webcam,6,2053.34,315.43
2023-12-31,East,Desk Chair,3,3390.0,345.3
2023-10-29,West,Webcam,3,1394.28,198.47
2023-02-18,East,Desk Chair,5,2803.3,410.95
2023-03-11,South,Headphones,4,315.25,72.75
2023-05-09,West,Mouse,8,7046.56,1431.17
2023-07-01,North,Webcam,9,8159.6,1480.08
2023-02-05,North,Webcam,5,506.85,31.13
2023-12-08,North,Printer,7,2180.04,504.14
2023-04-30,West,Webcam,6,3156.52,691.14
2023-03-11,South,Monitor,9,5358.01,303.92
2023-03-25,East,Webcam,2,2179.19,169.65
2023-07-15,South,Laptop,2,1010.19,120.69
2023-05-07,South,Laptop,2,1768.58,282.38
2023-05-23,East,Printer,7,3389.88,730.77
2023-05-22,East,Desk,9,5431.39,1335.63
2023-03-10,South,Webcam,3,2627.05,231.81
2023-11-01,West,Monitor,3,1152.79,275.99
2023-06-10,North,Headphones,2,1739.22,232.36
2023-11-23,South,Keyboard,6,4093.46,633.17
2023-03-02,North,USB Hub,2,993.39,157.46
2023-03-27,South,Mouse,1,661.38,43.88
2023-07-17,West,USB Hub,2,1183.88,98.45
2023-01-02,North,Headphones,6,6137.83,1128.16
2023-04-08,West,USB Hub,3,2364.45,376.15
2023-12-10,South,Keyboard,8,1216.68,147.46
2023-04-09,East,Mouse,3,2843.42,256.68
2023-10-04,East,Monitor,4,2651.68,534.8
2023-08-02,East,USB Hub,8,1351.84,245.93
2023-04-26,South,Laptop,9,6129.14,1226.72
2023-03-07,East,Monitor,9,1179.89,140.09
2023-02-13,East,Desk,1,481.06,100.86
2023-06-16,West,Printer,4,2212.01,286.4
2023-07-16,West,Mouse,3,752.46,65.72
2023-01-08,West,Printer,8,3526.97,710.67
2023-03-26,East,Printer,8,7692.31,993.8
2023-08-26,South,Headphones,8,5070.6,707.45
2023-09-25,West,Monitor,2,787.56,174.39
2023-09-16,South,Mouse,2,438.5,66.39
2023-08-08,West,Keyboard,1,59.39,7.29
2023-06-25,North,USB Hub,5,2697.91,466.9
2023-09-03,South,Webcam,3,3183.75,670.88
2023-10-29,West,Laptop,7,8128.47,1085.58
2023-01-21,North,USB Hub,2,431.65,97.72
2023-08-11,West,Webcam,7,1212.37,227.16
2023-05-11,West,Headphones,1,54.65,11.73
2023-06-03,South,Laptop,5,5843.4,685.83
2023-09-22,North,Desk,4,4413.94,318.46
2023-03-01,South,Laptop,9,5183.8,1111.03
2023-12-30,South,Laptop,9,3979.82,592.37
2023-05-11,North,Webcam,5,766.36,51.68
2023-06-12,East,Printer,4,4353.3,861.67
2023-12-04,North,Desk,9,4805.07,795.0
2023-09-30,South,Printer,5,4856.56,1062.36
2023-12-13,East,Desk,3,170.15,33.67
2023-03-07,East,Desk Chair,3,2489.6,159.16
2023-07-20,West,Monitor,4,1152.29,250.52
2023-12-09,East,Mouse,3,2517.29,383.96
2023-10-21,East,Printer,5,295.82,32.77
2023-10-29,North,Printer,4,4508.8,1011.06
2023-02-08,East,Headphones,9,8553.31,1565.23
2023-07-29,East,Desk,3,3271.47,602.43
2023-04-01,West,Keyboard,2,1095.05,155.58
2023-04-10,South,Keyboard,5,3325.22,419.24
2023-01-30,North,Headphones,4,164.96,22.15
2023-09-27,South,Keyboard,6,2102.66,466.09
2023-03-24,North,Desk Chair,3,2984.18,566.59
2023-10-11,East,Printer,4,4714.09,821.52
2023-03-14,West,Desk Chair,7,4539.9,803.64
2023-04-30,East,Headphones,6,971.35,61.84
2023-10-13,West,Laptop,9,311.73,44.81
2023-03-30,East,Webcam,5,1853.7,203.88
2023-08-10,South,Keyboard,9,691.28,159.39
2023-09-21,West,USB Hub,2,1616.02,272.53
2023-04-30,West,Headphones,7,4528.67,985.58
2023-06-07,South,Mouse,3,1007.93,209.48
2023-09-12,North,Mouse,5,475.48,102.83
2023-06-21,North,Printer,1,890.33,138.04
2023-11-20,West,Monitor,3,2995.68,676.41
2023-03-06,East,Printer,8,5044.69,686.51
2023-11-28,South,Keyboard,6,3196.94,654.66
2023-12-27,West,Laptop,3,3219.53,446.47
2023-08-20,North,Mouse,5,3824.71,643.85
2023-06-06,East,Desk,3,900.51,137.3
2023-01-28,West,Headphones,4,1894.89,279.56
2023-12-08,South,Laptop,2,680.9,98.44
2023-12-27,East,Desk,1,337.37,44.33
2023-08-02,West,Laptop,9,211.02,12.23
2023-09-19,West,Desk,8,2414.81,347.56
2023-04-03,North,Mouse,1,754.57,108.62
2023-08-25,East,Monitor,4,1057.0,162.05
2023-02-18,North,Webcam,1,278.5,15.97
2023-12-19,South,Mouse,7,6769.36,1112.95
2023-11-14,South,Mouse,6,6716.82,869.18
2023-02-06,West,Printer,1,748.14,54.44
2023-11-03,West,Monitor,7,4887.68,273.39
2023-07-11,East,Keyboard,3,1655.11,390.42
2023-02-14,West,Keyboard,1,480.05,94.08
2023-03-13,East,Keyboard,8,6493.7,659.98
2023-08-28,East,Mouse,1,992.07,239.1
2023-09-07,West,USB Hub,5,109.23,19.36
2023-12-09,West,Desk,7,475.02,106.56
2023-05-26,South,Desk,2,1610.09,338.23
2023-03-23,South,Laptop,5,814.05,108.91
2023-03-25,East,Desk Chair,1,103.79,6.85
2023-05-23,North,Webcam,9,10181.13,1870.42
2023-04-15,North,Laptop,2,2135.77,362.52
2023-07-29,East,Keyboard,3,3293.04,568.1
2023-01-28,West,Desk Chair,3,2622.86,194.38
2023-01-02,North,Headphones,6,5989.45,1486.9
2023-09-15,West,Webcam,1,839.96,131.45
2023-08-23,East,Desk Chair,1,119.58,15.53
2023-12-23,North,Desk,5,4867.33,453.69
2023-10-06,South,Mouse,8,6317.63,1384.32
2023-04-17,North,Monitor,2,993.2,65.08
2023-03-14,North,Webcam,5,5184.28,871.26
2023-12-30,North,Headphones,2,946.81,132.58
2023-06-21,South,Mouse,9,4757.06,541.23
2023-02-17,East,Webcam,9,471.2,60.59
2023-06-16,South,Desk,2,433.79,59.04
2023-07-15,North,Laptop,5,5351.57,637.78
2023-05-28,South,USB Hub,3,150.09,26.89
2023-05-06,West,Desk Chair,1,139.49,30.61
2023-06-25,East,Laptop,4,2818.65,456.45
2023-01-31,North,Printer,4,869.94,212.62
2023-12-10,East,Desk,3,3472.62,440.47
2023-06-04,West,Monitor,6,6673.51,886.44
2023-02-20,East,Headphones,2,779.17,61.88
2023-09-02,North,Laptop,5,5029.33,624.04
2023-05-04,South,Mouse,5,2896.64,402.13
2023-10-01,South,Headphones,9,10630.22,1144.67
2023-05-06,East,Mouse,4,226.03,55.18
2023-10-05,South,Desk,4,4706.11,685.1
2023-06-11,South,Printer,6,1868.1,406.7
2023-02-11,West,Monitor,2,652.03,57.98
2023-12-07,North,Webcam,5,5801.86,937.24
2023-04-02,East,USB Hub,8,9597.3,768.78
2023-12-20,West,Laptop,4,1976.4,491.67
2023-09-09,East,USB Hub,2,1511.24,247.66
2023-09-07,West,Printer,3,772.64,99.69
2023-10-11,North,Laptop,5,2905.72,460.86
2023-05-27,West,Desk,5,3634.81,438.69
2023-02-16,South,Mouse,6,1045.02,217.47
2023-01-05,South,Mouse,1,823.29,118.02
2023-01-12,North,Printer,6,1173.48,167.26
2023-10-31,South,Mouse,4,4155.94,697.14
2023-09-07,West,Webcam,4,1428.9,129.52
2023-08-04,East,Printer,7,3332.82,507.44
2023-09-06,East,Headphones,3,2103.57,469.34
2023-08-07,South,Monitor,2,1086.56,185.18
2023-08-27,South,USB Hub,4,3887.1,564.78
2023-11-25,East,Mouse,8,8221.4,1133.16
2023-08-13,East,Printer,8,749.6,169.93
2023-11-21,West,Desk Chair,7,297.9,43.31
2023-12-15,South,Webcam,6,5236.77,987.17
2023-10-25,South,Desk Chair,5,2216.42,467.42
2023-06-01,North,Headphones,3,805.9,194.62
2023-10-30,East,USB Hub,3,3592.29,665.88
2023-04-23,North,Headphones,8,2941.21,155.48
2023-03-06,West,Monitor,4,4017.16,795.78
2023-02-06,South,Desk Chair,8,9006.14,1930.78
2023-07-20,South,Webcam,1,1018.19,175.86
2023-04-14,East,Monitor,7,4167.81,273.12
2023-09-17,North,Keyboard,6,2287.45,365.59
2023-07-07,North,Desk,2,54.37,3.82
2023-12-24,East,Desk Chair,2,221.39,33.24
2023-08-22,West,Mouse,6,475.6,30.71
2023-01-13,South,Desk Chair,8,2947.54,284.37
2023-10-22,South,Desk,3,2904.33,684.97
2023-02-24,West,Desk Chair,6,2396.19,348.14
2023-11-17,South,USB Hub,1,775.76,190.68
2023-01-21,North,Laptop,3,1326.66,238.22
2023-08-02,North,Laptop,1,869.35,194.2
2023-03-15,East,Laptop,4,3028.98,194.93
2023-06-09,North,USB Hub,2,610.96,117.79
2023-02-22,South,Keyboard,8,2897.32,471.27
2023-09-17,East,Desk Chair,7,6092.61,793.8
2023-10-17,West,Webcam,2,1984.12,385.6
2023-12-27,East,Monitor,1,394.75,19.75
2023-12-15,South,USB Hub,2,691.76,132.4
2023-12-09,West,Mouse,8,8083.36,410.34
2023-11-21,East,Laptop,9,1058.44,249.98
2023-05-01,West,Monitor,1,173.32,28.25
2023-06-11,East,Keyboard,4,3803.76,868.68
2023-05-21,South,Desk,3,3281.2,411.67
2023-06-28,North,Mouse,5,784.53,45.86
2023-11-12,North,Desk,9,7654.96,389.43
2023-01-23,East,Monitor,5,4306.97,789.37
2023-01-24,East,Headphones,1,817.81,195.29
2023-07-20,North,Printer,5,2904.9,513.78
2023-10-20,East,Webcam,1,444.86,107.37
2023-01-28,West,Printer,9,5234.78,377.93
2023-09-13,North,Laptop,3,1369.14,82.79
2023-01-13,West,Mouse,2,1342.88,178.82
2023-01-16,North,Mouse,9,7161.09,1034.47
2023-04-10,North,USB Hub,7,5160.03,562.75
2023-08-04,South,Monitor,8,6311.48,1247.9
2023-01-28,North,Printer,6,4685.41,604.54
2023-11-06,South,Mouse,6,4220.56,283.07
2023-08-23,East,Monitor,3,2420.71,519.63
2023-02-23,East,Laptop,5,1678.8,364.46
2023-02-15,North,Laptop,5,5475.31,1191.72
2023-12-03,North,Desk Chair,4,4558.55,256.58
2023-04-21,East,Webcam,6,3879.04,655.66
2023-01-24,North,Webcam,9,10412.36,1601.49
2023-08-18,North,USB Hub,1,388.0,79.46
2023-06-24,South,Printer,1,635.13,155.74
2023-10-10,South,Desk,6,239.99,48.97
2023-08-10,North,Mouse,9,1456.6,150.2
2023-08-12,West,Monitor,5,2116.64,418.68
2023-01-07,North,Laptop,4,3109.58,510.38
2023-07-27,West,Mouse,5,3914.11,958.33
2023-04-21,West,Printer,3,143.53,32.97
2023-08-13,West,USB Hub,7,6585.91,932.56
2023-08-02,North,Webcam,4,4325.43,830.6
2023-06-06,East,Monitor,2,1463.77,211.78
2023-05-04,West,USB Hub,7,5687.77,946.68
2023-04-14,North,Headphones,9,2719.87,424.7
2023-11-27,East,Webcam,6,2709.02,257.56
2023-07-18,North,Headphones,9,6790.03,1400.54
2023-10-28,East,Monitor,3,580.25,123.14
2023-12-26,East,Monitor,4,1912.14,353.41
2023-11-17,West,Webcam,1,1137.93,133.67
2023-07-07,North,Keyboard,9,9633.3,1845.2
2023-08-30,East,USB Hub,1,1118.12,167.12
2023-12-27,South,Headphones,8,1427.55,344.88
2023-08-14,East,Printer,5,5777.63,1006.36
2023-03-03,East,Keyboard,6,5506.85,877.64
2023-10-29,East,Headphones,3,646.75,89.97
2023-08-23,West,Desk Chair,1,181.66,45.23
2023-02-19,West,Headphones,6,890.96,157.97
2023-09-09,South,Printer,8,6878.66,1693.72
2023-11-28,West,Headphones,5,2678.28,451.86
2023-11-07,West,Monitor,6,4526.19,1114.51
2023-09-17,West,Printer,3,2651.71,320.88
2023-09-30,South,Webcam,5,5722.09,1392.82
2023-01-08,South,Laptop,8,7457.96,835.29
2023-04-04,East,Desk Chair,1,560.72,115.66
2023-03-25,South,Desk,8,7368.19,1628.68
2023-02-13,North,Webcam,9,9052.03,1872.72
2023-06-05,North,Webcam,5,1410.25,161.24
2023-11-18,East,Headphones,7,6160.4,425.56
2023-04-11,East,Printer,9,4457.36,1020.42
2023-06-22,East,Webcam,4,1443.54,187.04
2023-06-04,North,Monitor,2,2384.08,140.62
2023-04-03,South,USB Hub,7,3210.44,412.51
2023-04-27,West,Webcam,3,264.27,36.7
2023-12-12,North,Printer,1,949.31,95.12
2023-06-30,West,USB Hub,2,1589.65,155.91
2023-02-27,East,Monitor,4,560.51,84.74
2023-07-22,South,USB Hub,9,593.44,33.95
2023-10-05,East,Desk Chair,2,1643.74,156.12
2023-03-09,North,USB Hub,5,4343.04,706.46
2023-05-29,South,Desk Chair,3,1215.24,264.84
2023-04-19,North,USB Hub,7,7525.22,1800.72
2023-02-09,West,Keyboard,5,2574.74,530.58
2023-12-28,North,Headphones,4,2428.39,220.83
2023-08-09,East,USB Hub,8,1917.12,222.99
2023-04-13,East,Desk Chair,9,4049.44,441.58
2023-07-14,West,Monitor,8,7964.49,474.11
2023-06-13,West,Headphones,2,1866.42,224.94
2023-01-04,South,Webcam,3,1885.43,268.97
2023-06-30,North,Monitor,8,2897.88,684.49
2023-12-17,North,USB Hub,5,4616.73,230.85
2023-09-06,South,Printer,6,2684.21,522.42
2023-06-17,North,Printer,7,1821.56,94.75
2023-07-31,South,Keyboard,3,3184.88,192.3
2023-11-28,East,Mouse,6,5300.61,944.18
2023-06-18,South,Laptop,5,4578.51,787.17
2023-01-30,North,Desk Chair,5,4304.47,918.38
2023-07-25,West,Desk,9,4119.39,949.06
2023-08-16,East,Keyboard,7,1961.23,397.14
2023-11-06,East,Headphones,5,982.65,123.95
2023-10-14,West,Webcam,2,1882.29,313.88
2023-05-19,South,Desk,6,1998.51,340.37
2023-04-21,West,Printer,9,1559.98,252.75
2023-08-29,East,Desk Chair,1,856.02,72.26
2023-03-22,North,Laptop,9,4946.4,404.64
2023-09-28,North,USB Hub,7,3953.78,925.97
2023-06-16,West,USB Hub,9,3090.64,653.41
2023-03-14,West,Laptop,6,2496.12,613.31
2023-01-03,North,Laptop,1,847.38,165.59
2023-06-24,East,Keyboard,7,4677.3,525.71
2023-09-28,North,USB Hub,4,3790.89,746.38
2023-12-05,South,Printer,4,667.09,139.76
2023-10-16,North,Keyboard,2,1072.88,104.06
2023-11-11,South,Desk,3,2559.92,401.54
2023-06-17,West,Desk,3,1580.77,176.68
2023-12-02,East,Monitor,6,958.93,232.35
2023-05-27,South,Keyboard,9,1850.24,207.15
2023-05-31,South,Webcam,2,2096.54,386.9
2023-11-24,North,Mouse,7,2724.25,645.81
2023-04-24,North,Webcam,7,7624.28,399.75
2023-11-24,East,USB Hub,1,667.65,71.79
2023-11-27,North,Laptop,5,2182.46,380.31
2023-04-07,West,Monitor,5,4422.92,578.98
2023-04-28,North,Mouse,8,7558.69,809.93
2023-01-19,East,Printer,6,2473.79,151.69
2023-02-16,West,Laptop,7,7941.15,1416.28
2023-07-01,North,Mouse,7,5362.65,481.56
2023-05-08,East,Keyboard,6,4375.81,1085.52
2023-10-07,East,Laptop,2,2261.4,526.78
2023-08-06,West,Desk,1,141.68,22.61
2023-11-14,North,Desk Chair,9,8016.34,1530.41
2023-08-07,East,Desk,1,489.18,50.31
2023-09-23,West,Printer,2,1179.97,122.37
2023-05-04,West,USB Hub,8,6359.78,1549.93
2023-10-22,West,Monitor,6,603.81,82.16
2023-05-28,North,Desk Chair,3,2267.72,407.51
2023-11-05,East,USB Hub,2,1700.95,212.03
2023-10-10,East,Headphones,9,7684.41,1321.73
2023-08-21,South,Desk,4,1257.76,63.4
2023-03-06,North,Laptop,3,434.91,35.21
2023-03-20,West,Webcam,6,6768.52,347.47
2023-09-05,East,Monitor,6,4546.45,566.99
2023-10-11,East,Monitor,1,38.17,6.36
2023-11-01,West,Printer,9,4961.7,1198.33
2023-03-14,South,Mouse,6,7037.21,495.27
2023-10-10,East,Headphones,6,2435.48,555.32
2023-12-07,West,Headphones,9,4789.3,487.27
2023-04-03,South,Monitor,9,4835.65,1205.3
2023-12-14,North,Webcam,1,665.31,122.51
2023-07-31,East,Desk,8,6333.7,1353.35
2023-04-21,South,Laptop,4,144.88,14.44
2023-03-10,West,Desk,2,187.56,26.59
2023-11-14,East,Monitor,1,813.99,53.91
2023-10-31,North,Monitor,7,7065.94,1491.04
2023-10-02,West,Monitor,4,4482.39,712.03
2023-06-23,North,Desk,3,2243.41,445.49
2023-04-01,East,Printer,8,806.25,100.15
2023-03-14,North,Desk,6,5782.01,674.88
2023-10-11,South,Desk Chair,1,1076.51,197.32
2023-02-25,North,Headphones,5,2526.9,567.91
2023-05-03,North,Monitor,6,3147.42,435.95
2023-09-09,West,Desk,5,4725.53,632.64
2023-03-04,North,Monitor,6,5678.49,964.03
2023-07-24,South,Webcam,4,2865.9,376.94
2023-12-29,South,Headphones,6,320.44,29.48
2023-05-09,North,Mouse,7,6029.05,315.31
2023-05-01,North,Monitor,1,1110.35,80.36
2023-05-13,West,Desk Chair,1,239.06,43.71
2023-04-19,South,Mouse,4,2186.07,461.63
2023-05-09,West,Printer,4,4443.93,616.2
2023-08-22,East,Keyboard,7,2245.33,445.71
2023-02-21,North,Desk Chair,8,7610.92,849.07
2023-02-01,East,Desk Chair,7,8010.25,923.97
2023-06-26,East,Headphones,7,2054.53,233.64
2023-11-13,West,Webcam,9,1004.55,216.76
2023-02-08,East,Laptop,6,3812.92,796.51
2023-03-28,North,Webcam,1,426.84,60.77
2023-11-09,South,Mouse,6,2215.28,314.21
2023-03-28,East,Desk Chair,4,1163.7,85.54
2023-09-04,West,Keyboard,8,8306.46,1298.95
2023-04-18,North,Headphones,2,740.42,117.19
2023-07-28,North,Desk,3,915.04,110.59
2023-04-25,North,Desk Chair,4,638.92,59.02
2023-01-11,East,Desk Chair,7,616.87,79.09
2023-05-27,South,Keyboard,6,1674.44,405.17
2023-03-13,West,Desk,9,4595.53,624.02
2023-01-19,South,Headphones,3,2525.36,480.9
2023-12-20,West,Desk,3,1995.27,329.38
2023-04-03,North,Laptop,1,604.93,143.14
2023-10-22,North,Monitor,8,6693.18,610.76
2023-11-21,West,Printer,1,821.1,167.99
2023-04-13,North,Desk Chair,5,4681.29,806.43
2023-06-20,West,Laptop,9,7329.88,964.79
2023-01-29,East,USB Hub,5,1409.21,271.88
2023-05-24,North,Headphones,9,7946.58,1505.52
2023-11-08,North,Printer,1,568.77,127.88
2023-12-30,South,Monitor,3,1070.7,167.37
2023-12-05,East,USB Hub,3,3086.61,699.15
2023-05-19,East,Monitor,5,2517.46,452.02
2023-05-26,West,Laptop,3,1054.32,96.57
2023-05-16,North,Mouse,6,3513.16,303.34
2023-12-26,West,Headphones,4,4082.22,649.55
2023-02-18,East,Printer,2,926.11,195.19
2023-12-01,East,Mouse,4,4786.7,774.54
2023-08-09,West,Desk Chair,3,839.19,100.79
2023-11-16,North,Headphones,8,808.66,100.2
2023-03-01,South,Laptop,4,293.91,35.27
2023-04-06,West,Monitor,2,1601.57,235.11
2023-12-14,South,Monitor,2,1863.83,297.62
2023-05-16,North,Webcam,9,6379.04,1316.58
2023-11-14,South,Keyboard,7,5735.93,1156.94
2023-12-21,South,Desk Chair,5,1322.73,254.82
2023-02-28,West,Monitor,7,5612.12,670.05
2023-08-03,West,USB Hub,3,1593.4,326.42
2023-09-02,North,Desk Chair,6,5488.53,611.32
2023-09-26,South,Mouse,6,2854.38,478.68
2023-11-09,West,Printer,8,5821.84,1294.21
2023-08-10,West,USB Hub,1,709.91,54.47
2023-12-12,East,Mouse,7,5587.56,1169.19
2023-03-03,West,Mouse,6,3895.42,690.86
2023-08-10,East,Monitor,1,643.89,138.55
2023-04-20,North,USB Hub,4,3968.18,248.52
2023-07-26,West,Printer,4,2258.39,557.06
2023-12-06,North,USB Hub,5,4512.25,361.53
2023-09-14,West,Mouse,5,1631.5,92.56
2023-04-06,South,Webcam,3,2978.12,524.17
2023-10-29,South,Monitor,2,1889.7,256.62
2023-07-06,North,Monitor,8,3230.74,743.69
2023-04-14,East,Desk,6,787.84,157.25
2023-07-01,South,Laptop,6,792.02,197.83
2023-10-26,South,Desk Chair,3,3591.6,353.05
2023-05-23,West,Mouse,1,1154.17,263.55
2023-10-31,East,Monitor,5,1468.91,77.67
2023-04-24,West,Webcam,1,919.52,53.14
2023-07-26,South,Laptop,3,3381.98,449.68
2023-05-05,South,Laptop,3,2116.56,525.19
2023-01-19,North,Desk,2,1709.46,218.55
2023-10-03,South,Webcam,3,3134.17,394.36
2023-07-02,West,Laptop,5,3835.13,551.71
2023-05-29,East,Monitor,2,1572.84,331.68
2023-06-15,South,Mouse,9,5532.52,1326.92
2023-07-08,North,Keyboard,2,895.34,199.42
2023-03-16,West,Laptop,5,3826.7,232.96
2023-02-28,North,USB Hub,9,7068.55,742.61
2023-12-05,West,Monitor,1,770.41,130.86
2023-05-23,East,Printer,8,6816.51,961.36
2023-07-28,West,Headphones,2,85.18,17.53
2023-02-28,South,Keyboard,8,7738.54,1874.15
2023-05-11,North,Webcam,8,9161.37,2073.43
2023-11-18,South,Headphones,5,5019.37,896.04
2023-01-26,North,Webcam,8,1055.94,178.26
2023-05-28,North,Webcam,8,788.02,75.78
2023-07-28,East,Webcam,4,4238.19,960.3
2023-11-14,West,Mouse,7,4283.02,1050.36
2023-06-04,South,Keyboard,5,4820.43,1093.84
2023-03-14,South,Laptop,3,769.96,71.8
2023-08-27,East,Desk,7,5252.87,1251.0
2023-08-10,North,Monitor,4,1720.23,235.81
2023-09-25,West,Webcam,1,809.78,184.94
2023-01-11,North,Monitor,2,207.64,19.14
2023-10-17,North,USB Hub,4,340.65,81.24
2023-02-21,West,Desk Chair,5,3226.3,797.09
2023-10-23,North,Printer,8,4311.15,455.58
2023-12-26,North,Laptop,8,2234.03,120.87
2023-05-18,East,Mouse,7,3159.82,381.51
2023-01-13,East,USB Hub,4,1073.59,227.39
2023-08-11,South,Monitor,2,848.64,189.19
2023-10-05,East,Printer,2,1997.18,382.13
2023-10-29,East,Mouse,5,2923.13,602.49
2023-05-08,South,Keyboard,8,6050.55,633.66
2023-12-09,North,Desk Chair,1,541.26,133.61
2023-11-09,West,Printer,7,610.64,81.66
2023-09-22,East,Desk Chair,6,5253.04,866.0
2023-04-16,South,Mouse,7,7079.29,1754.89
2023-02-09,East,Monitor,4,154.69,23.91
2023-11-29,East,Keyboard,9,5411.08,793.46
2023-07-30,West,Monitor,7,1106.52,232.31
2023-10-22,East,Webcam,4,2044.21,312.29
2023-12-31,West,Desk,1,985.07,149.76
2023-03-18,West,Laptop,9,5626.97,1260.0
2023-11-06,South,Desk,4,4659.51,1101.81
2023-11-29,South,Desk Chair,6,1052.11,232.45
2023-02-22,East,Keyboard,3,834.23,72.22
2023-08-14,North,Laptop,6,4395.26,726.64
2023-09-04,South,Keyboard,8,3663.84,758.89
2023-02-01,South,Laptop,3,3383.69,774.18
2023-03-17,North,Laptop,1,880.77,145.01
2023-11-21,South,Laptop,4,3255.45,306.34
2023-09-11,South,Headphones,5,5257.02,525.35
2023-01-13,West,Headphones,2,166.29,20.84
2023-12-03,North,Headphones,6,1998.82,321.55
2023-09-30,North,Printer,8,4749.07,1111.98
2023-04-19,West,Monitor,7,2547.47,233.11
2023-04-21,North,Headphones,7,193.15,39.5
2023-07-08,East,Headphones,7,4164.81,566.4
2023-10-13,East,Printer,7,7864.52,984.33
2023-08-26,East,USB Hub,2,442.87,24.84
2023-05-29,East,USB Hub,7,5480.92,522.6
2023-05-23,North,Desk,9,5153.67,1055.01
2023-02-22,North,Laptop,7,5313.42,561.6
2023-11-09,South,Printer,4,4461.97,1112.28
2023-02-13,South,Headphones,3,2728.22,254.0
2023-10-15,East,Laptop,1,932.59,217.29
2023-03-13,North,Desk Chair,1,740.71,66.64
2023-05-19,West,USB Hub,7,1176.52,240.66
2023-08-09,West,Headphones,5,3438.11,810.81
2023-12-08,North,Headphones,2,790.6,158.03
2023-11-06,East,Desk,8,7478.3,724.54
2023-05-19,East,Printer,8,444.18,107.62
2023-03-04,North,Mouse,8,8969.46,924.74
2023-09-30,West,Webcam,6,4923.78,558.9
2023-02-07,East,Mouse,7,5092.92,770.39
2023-08-02,West,USB Hub,1,352.31,85.5
2023-11-04,East,Mouse,1,853.37,148.95
2023-03-24,South,Mouse,3,563.58,63.48
2023-10-11,West,Laptop,1,125.01,31.04
2023-04-07,South,USB Hub,8,9024.13,1268.46
2023-05-17,West,Monitor,8,5778.81,462.85
2023-05-22,West,Printer,9,9878.53,868.11
2023-04-28,North,Laptop,9,8157.5,1637.81
2023-01-10,North,USB Hub,3,3261.43,696.26
2023-10-10,South,Keyboard,1,28.12,2.6
2023-06-30,East,Desk,2,2060.47,250.05
2023-05-20,West,USB Hub,7,2577.3,282.91
2023-05-09,West,Laptop,6,1469.52,127.74
2023-05-29,South,Laptop,9,9346.5,2004.81
2023-10-21,West,Headphones,4,3543.93,625.32
2023-03-11,North,Webcam,1,73.39,6.87
2023-04-01,East,Webcam,2,289.81,65.09
2023-12-26,South,Desk Chair,7,5919.44,782.38
2023-05-18,East,Printer,9,10191.04,678.18
2023-07-22,North,Laptop,5,682.55,44.46
2023-02-06,East,Desk,8,1030.07,172.04
2023-07-16,South,Monitor,9,9692.31,2003.4
2023-12-26,South,Desk,3,2391.86,374.23
2023-11-28,South,USB Hub,7,1565.05,256.03
2023-08-08,South,Desk,9,517.49,106.82
2023-07-03,West,USB Hub,2,158.82,9.62
2023-03-17,West,Desk Chair,1,560.36,53.4
2023-04-21,West,Desk,1,318.37,52.7
2023-07-01,West,Mouse,5,4496.56,293.57
2023-04-09,South,Desk Chair,8,1654.39,99.85
2023-03-31,North,Keyboard,1,1004.82,122.25
2023-09-19,East,Mouse,3,843.18,106.41
2023-05-23,West,Printer,6,5514.14,1137.57
2023-09-02,South,Mouse,8,8963.32,660.85
2023-02-27,East,Webcam,1,516.5,87.98
2023-10-30,East,Desk,5,1939.63,193.87
2023-02-28,West,Laptop,2,2331.92,378.79
2023-01-14,North,Headphones,7,3589.93,263.04
2023-01-19,South,Desk,3,331.88,40.14
2023-04-10,East,Keyboard,3,1487.36,322.35
2023-12-26,South,Keyboard,8,5935.68,740.13
2023-12-29,East,Mouse,2,289.86,35.07
2023-05-21,North,USB Hub,6,4904.83,890.87
2023-08-27,East,Headphones,4,2705.87,151.07
2023-07-09,West,Headphones,4,2058.54,172.18
2023-08-25,South,Mouse,2,1354.62,130.42
2023-10-07,South,Keyboard,9,3504.59,761.55
2023-03-12,South,Printer,8,4545.95,572.44
2023-05-05,South,Monitor,9,3214.13,219.44
2023-08-18,North,Mouse,2,141.6,29.2
2023-03-01,East,Desk Chair,2,1985.75,157.44
2023-12-16,West,Printer,6,6797.68,662.29
2023-04-18,East,USB Hub,4,3705.57,556.19
2023-04-16,West,Headphones,2,628.83,100.29
2023-08-17,North,Laptop,4,1095.77,248.6
2023-11-19,North,USB Hub,1,842.1,96.73
2023-12-03,West,Desk,9,2419.61,535.79
2023-10-18,South,Webcam,6,1057.42,133.71
2023-09-04,South,Keyboard,3,3591.58,316.87
2023-09-27,South,Monitor,1,528.56,58.62
2023-11-25,West,Mouse,7,682.62,155.24
2023-03-10,North,Monitor,4,2659.28,354.85
2023-08-25,West,Desk,8,4107.29,827.44
2023-07-25,West,Mouse,9,7512.11,887.25
2023-05-07,South,Laptop,9,736.4,60.33
2023-02-17,East,Desk Chair,2,221.27,21.46
2023-03-26,North,Laptop,5,5694.68,631.66
2023-07-28,South,Keyboard,2,2226.45,298.18
2023-02-23,North,Headphones,1,31.43,6.96
2023-07-06,East,USB Hub,6,5653.84,637.42
2023-08-27,West,Desk,4,4676.34,742.79
2023-11-11,East,Mouse,8,8696.06,1086.52
2023-03-04,West,USB Hub,8,1039.77,137.35
2023-02-12,North,Laptop,1,281.7,31.98
2023-10-19,South,Mouse,5,616.79,41.93
2023-10-19,South,USB Hub,6,2509.18,562.4
2023-05-31,West,Monitor,7,563.69,83.71
2023-10-20,West,Keyboard,3,1774.74,335.0
2023-10-02,East,Laptop,5,4852.05,980.27
2023-10-12,North,Keyboard,4,3544.03,422.84
2023-08-12,East,Webcam,2,173.77,9.89
2023-02-14,North,USB Hub,3,2527.96,224.2
2023-11-14,East,Headphones,6,1959.58,445.25
2023-11-25,South,Printer,7,1057.99,190.04
2023-04-26,South,Monitor,9,1678.56,267.09
2023-02-19,East,Laptop,2,146.9,26.63
2023-03-16,North,Headphones,5,583.94,33.28
2023-10-27,South,Headphones,2,110.85,15.4
2023-04-05,East,Desk Chair,7,1108.73,92.93
2023-06-08,North,Monitor,3,2105.44,469.98
2023-12-05,West,Webcam,5,4631.23,633.89
2023-05-18,West,Desk Chair,2,1500.3,274.66
2023-12-18,North,Laptop,7,7858.42,1475.95
2023-05-09,West,USB Hub,7,962.25,164.2
2023-11-02,East,Keyboard,1,1070.1,265.8
2023-11-17,East,Desk Chair,5,4615.64,464.36
2023-10-07,West,Headphones,4,565.42,42.51
2023-10-23,South,Laptop,2,1630.26,357.64
2023-01-12,West,Laptop,3,2454.75,414.48
2023-11-01,South,Desk Chair,2,1397.85,189.85
2023-06-15,West,Headphones,9,375.26,53.59
2023-10-25,North,Webcam,8,3216.86,586.2
2023-02-11,South,Monitor,5,3937.51,364.09
2023-07-04,East,Monitor,4,3390.53,246.45
2023-12-02,West,Headphones,2,472.95,79.85
2023-01-12,North,Mouse,8,1353.09,75.19
2023-01-10,North,Desk Chair,9,2926.24,162.61
2023-03-01,West,Webcam,2,1046.3,167.02
2023-06-08,West,USB Hub,9,10431.51,626.76
2023-01-12,North,Keyboard,5,3503.6,570.33
2023-10-07,North,Printer,5,509.43,34.63
2023-05-26,South,Laptop,8,3378.65,788.76
2023-11-28,North,Monitor,6,1134.43,218.88
2023-01-22,North,USB Hub,4,2937.87,327.8
2023-06-13,West,Webcam,4,4544.76,496.13
2023-12-31,South,Laptop,5,4004.82,707.82
2023-08-19,North,Webcam,6,4967.15,1145.13
2023-03-28,North,Monitor,7,1183.0,251.61
2023-06-18,North,Laptop,6,6622.25,1191.72
2023-04-19,East,Keyboard,4,3123.94,336.29
2023-07-25,East,Monitor,1,36.09,4.13
2023-03-24,South,Desk,6,772.06,164.49
2023-09-08,West,Keyboard,4,2750.32,420.5
2023-11-22,West,USB Hub,9,4258.53,780.39
2023-11-21,South,Monitor,9,4320.74,630.87
2023-12-09,West,Printer,7,8295.4,1151.57
2023-02-23,West,Desk Chair,3,3215.27,459.02
2023-02-27,West,Keyboard,5,1903.89,248.54
2023-12-06,North,Mouse,6,4313.49,814.95
2023-06-10,South,USB Hub,3,2674.31,490.26
2023-12-30,North,Mouse,4,3386.89,679.73
2023-09-17,North,Laptop,3,1829.85,358.74
2023-06-22,North,Desk,9,3201.83,443.8
2023-12-31,East,Desk Chair,6,1766.39,168.17
2023-07-19,West,Laptop,3,1753.86,293.09
2023-05-17,North,Monitor,4,3156.97,683.43
2023-09-25,East,Mouse,7,2070.7,367.66
2023-01-11,West,Laptop,6,3824.35,399.1
2023-08-18,East,Printer,1,744.09,170.83
2023-08-20,South,Printer,8,5664.75,1110.54
2023-09-20,East,Headphones,7,3990.66,351.13
2023-06-03,West,Keyboard,6,4059.77,494.17
2023-04-27,East,Desk Chair,5,223.51,25.29
2023-09-26,East,Mouse,9,9028.63,998.6
2023-04-26,North,Desk Chair,6,4567.09,1078.42
2023-01-07,South,Mouse,6,4017.34,835.62
2023-01-28,South,Desk,9,4192.65,261.65
2023-12-19,East,USB Hub,4,863.77,53.74
2023-12-14,North,Headphones,1,145.48,10.6
2023-04-03,South,Laptop,8,9466.0,473.65
2023-02-16,West,Printer,5,2708.0,486.48
2023-11-16,North,Printer,7,3567.57,699.6
2023-12-03,East,Headphones,2,506.43,43.61
2023-11-02,South,Desk Chair,6,6266.64,686.02
2023-08-24,West,Monitor,5,4086.17,235.43
2023-05-12,South,Desk Chair,6,534.64,85.8
2023-06-27,West,USB Hub,9,1227.07,89.94
2023-10-19,East,Monitor,2,1290.73,239.66
2023-02-01,North,Printer,9,4388.84,479.55
2023-01-16,West,Webcam,3,596.12,81.4
2023-09-17,South,Mouse,5,575.63,136.95
2023-02-08,East,Headphones,9,8978.02,592.88
2023-07-22,East,Printer,2,1527.02,329.42
2023-01-18,West,Mouse,5,1251.66,232.43
2023-12-12,North,Monitor,7,2830.16,364.6
2023-02-13,South,Desk Chair,8,7727.9,1112.07
2023-04-05,West,Printer,5,161.91,37.08
2023-08-17,East,Keyboard,6,4494.96,532.07
2023-09-03,West,Monitor,5,176.15,16.79
2023-08-23,East,Webcam,5,2695.15,481.87
2023-06-21,West,Headphones,6,1019.84,89.6
2023-07-29,North,Desk,6,1651.64,228.78
2023-04-05,East,Headphones,4,1021.22,105.08
2023-04-08,East,Printer,8,5396.25,1161.2
2023-05-14,South,Printer,9,4910.0,259.8
2023-09-08,South,Monitor,7,5138.04,483.48
2023-04-29,East,Printer,1,694.5,60.4
2023-08-03,North,Printer,5,4605.78,712.42
2023-11-26,East,Mouse,7,3227.65,565.05
2023-05-03,East,Printer,3,712.99,64.5
2023-02-04,West,Mouse,6,2846.53,628.97
2023-12-15,East,Webcam,3,3187.82,331.93
2023-05-02,West,Desk,4,2319.33,119.37
2023-02-14,North,USB Hub,8,5577.29,910.23
2023-01-09,East,Desk,5,387.3,26.96
2023-04-12,East,Mouse,2,477.25,75.53
2023-01-01,East,Desk,8,2960.02,193.7
2023-01-12,South,Webcam,9,1528.15,114.09
2023-11-30,West,Desk,9,1943.71,120.16
2023-05-14,North,Monitor,5,5698.99,447.44
2023-05-21,South,Desk,2,1626.84,136.61
2023-04-02,South,Mouse,3,1232.26,250.39
2023-05-17,West,Keyboard,8,6324.06,1049.31
2023-03-09,East,USB Hub,9,1225.26,295.71
2023-01-06,East,Desk Chair,8,3137.03,403.51
2023-09-26,East,Desk Chair,5,672.1,57.67
2023-12-04,South,Webcam,2,1426.96,103.42
2023-06-24,East,Desk,2,1521.48,273.09
2023-05-27,West,USB Hub,3,1210.23,226.87
2023-01-14,South,USB Hub,6,5290.12,782.8
2023-07-12,East,Monitor,3,2678.48,461.92
2023-10-02,South,Desk,2,1952.7,204.12
2023-07-06,West,Keyboard,1,1002.48,211.36
2023-09-10,East,Keyboard,1,1149.49,262.12
2023-05-07,South,Keyboard,3,1687.14,312.38
2023-05-06,West,Desk,7,4836.24,299.05
2023-01-28,South,Desk Chair,3,1461.84,111.98
2023-08-24,South,Mouse,7,7981.0,1803.07
2023-08-20,East,Keyboard,5,5950.04,545.4
2023-05-31,West,Monitor,3,2429.04,356.49
2023-12-18,South,Desk Chair,2,1398.4,115.08
2023-11-09,North,Printer,7,4711.68,772.99
2023-03-29,North,Keyboard,3,2989.35,301.65
2023-05-15,South,Keyboard,2,142.22,27.0
2023-12-13,West,USB Hub,9,8089.1,1071.65
2023-01-21,North,Headphones,8,5919.42,873.92
2023-12-09,East,Mouse,4,1313.49,175.77
2023-01-28,South,Monitor,9,2120.82,241.37
2023-10-24,South,Desk Chair,6,6548.75,645.15
2023-03-16,North,USB Hub,2,2261.88,191.99
2023-12-21,East,Mouse,1,127.88,22.4
2023-08-29,South,Keyboard,4,2002.77,308.98
2023-07-09,South,USB Hub,1,251.63,13.72
2023-05-06,West,Desk,2,2141.95,362.82
2023-07-30,North,Desk Chair,9,8143.51,1894.25
2023-05-09,South,Laptop,3,642.76,55.43
2023-12-26,West,Headphones,7,3317.89,455.21
2023-02-14,North,Headphones,6,4294.75,272.61
2023-12-27,South,Printer,7,6112.57,1250.23
2023-09-01,West,Mouse,2,708.55,92.16
2023-11-25,East,Mouse,4,3145.07,577.99
2023-05-17,East,Headphones,4,1335.51,155.66
2023-11-04,East,Headphones,5,2805.26,457.03
2023-05-26,North,Keyboard,2,1965.95,105.75
2023-04-19,West,Headphones,9,9522.97,569.89
2023-09-13,North,Webcam,9,1641.63,82.39
2023-10-25,North,Headphones,4,2440.27,451.4
2023-03-15,North,Laptop,8,540.33,82.37
2023-09-03,West,Desk Chair,8,8955.23,1558.87
2023-11-16,South,Desk Chair,7,831.57,105.77
2023-06-28,East,Mouse,5,4618.57,869.82
2023-10-03,North,Monitor,7,1219.73,224.85
2023-01-13,South,Printer,7,5360.48,1046.48
2023-07-14,South,USB Hub,3,1573.23,281.68
2023-07-11,North,Keyboard,5,1470.13,192.68
2023-11-14,South,Desk Chair,8,7950.0,1661.64
2023-02-04,North,Mouse,7,1322.51,240.09
2023-04-10,North,Monitor,7,351.21,72.91
2023-05-24,North,Keyboard,6,891.82,88.92
2023-08-08,South,Desk Chair,4,2372.25,377.63
2023-06-22,South,Monitor,7,7220.73,1465.3
2023-01-06,East,Mouse,8,1080.47,238.42
2023-05-06,North,Webcam,9,751.06,138.1
2023-11-27,East,Headphones,3,1143.41,71.73
2023-03-16,East,Headphones,6,156.39,21.75
2023-06-25,East,Monitor,5,4127.65,400.9
2023-11-11,East,Laptop,8,8384.62,904.6
2023-08-02,North,Desk Chair,7,1227.73,234.51
2023-07-10,North,Desk,8,6557.71,658.81
2023-09-03,South,Desk Chair,8,8275.38,2001.77
2023-08-18,West,Monitor,7,3306.86,276.64
2023-11-27,East,Mouse,5,3852.68,502.23
2023-06-14,South,Headphones,9,3449.62,501.71
2023-02-17,North,Laptop,3,2571.24,182.76
2023-04-26,West,Desk Chair,1,379.01,29.51
2023-12-04,South,USB Hub,2,762.87,87.9
2023-03-20,East,Printer,6,2596.56,577.73
2023-09-04,East,USB Hub,8,6722.57,1182.67
2023-12-27,East,Mouse,2,1870.19,240.55
2023-09-13,East,Desk,4,2648.89,649.39
2023-03-20,South,Keyboard,9,2002.35,167.18
2023-07-11,South,Webcam,9,1649.51,406.68
2023-11-06,West,Keyboard,2,213.14,38.93
2023-02-25,South,Headphones,4,2072.75,429.09
2023-10-18,North,Desk Chair,5,4939.49,887.87
2023-04-23,East,Mouse,1,346.71,20.53
2023-05-12,East,Desk,5,3998.71,796.83
2023-03-22,East,Desk,7,7125.1,726.19
2023-01-16,East,Desk Chair,3,253.75,23.05
2023-07-16,South,Headphones,9,1299.4,208.9
2023-12-08,West,Desk Chair,6,5375.43,449.19
2023-09-08,West,Desk,1,874.35,206.14
2023-04-07,West,Mouse,1,160.59,24.49
2023-03-23,West,Printer,1,868.09,62.61
2023-08-16,West,Mouse,6,884.85,85.41
2023-12-28,West,Laptop,8,527.76,67.74
2023-01-18,West,Laptop,6,2536.01,352.09
2023-10-22,East,Keyboard,1,1036.51,231.36
2023-10-13,West,Desk,2,1127.33,279.32
2023-09-05,West,Laptop,2,2369.07,475.98
2023-07-12,West,Printer,4,4762.88,1055.01
2023-12-29,South,Headphones,5,3254.5,721.69
2023-11-28,South,Monitor,3,491.45,26.37
2023-01-20,West,Monitor,8,808.04,200.7
2023-07-01,West,Printer,1,181.68,28.62
2023-03-24,West,Monitor,6,4053.29,438.86
2023-04-09,West,Printer,6,7040.67,1489.62
2023-02-11,East,Printer,2,2022.39,238.37
2023-09-04,East,Keyboard,1,391.26,72.31
2023-07-26,South,Desk Chair,8,1316.38,232.97
2023-02-26,South,Desk Chair,2,2186.25,192.45
2023-11-04,East,USB Hub,5,3313.32,217.26
2023-06-28,South,Webcam,1,311.41,69.11
2023-03-02,East,Keyboard,6,213.66,32.55
2023-03-06,East,Desk Chair,4,4492.23,1041.48
2023-07-06,South,Headphones,7,8241.36,1410.8
2023-04-18,North,Printer,2,929.85,119.64
2023-03-19,East,USB Hub,7,5031.75,956.97
2023-05-05,East,USB Hub,1,613.95,128.49
2023-10-15,West,Printer,9,7035.57,570.97
2023-02-27,North,Mouse,6,5735.35,539.71
2023-04-07,South,Webcam,7,7993.76,735.26
2023-12-01,South,Desk,1,70.86,6.08
2023-07-11,North,Keyboard,9,7677.26,1157.25
2023-04-07,South,Headphones,7,5263.19,766.05
2023-06-03,North,Desk Chair,3,2281.95,201.73
2023-02-03,North,Keyboard,1,1126.92,263.17
2023-01-03,West,Monitor,2,2220.81,475.4
2023-03-02,North,Printer,4,3080.25,373.3
2023-03-12,West,Desk Chair,2,1665.59,267.14
2023-07-28,South,Laptop,1,252.09,24.58
2023-06-19,South,Keyboard,3,2335.49,397.47
2023-02-10,East,Webcam,1,247.93,35.77
2023-05-10,East,Monitor,4,2521.63,334.42
2023-03-30,East,Desk,7,3546.15,228.57
2023-07-22,West,Mouse,9,6656.21,653.38
2023-06-15,South,Headphones,9,1035.77,82.27
2023-04-30,North,Headphones,1,125.92,29.23
2023-05-10,West,Webcam,9,2787.75,592.3
2023-11-20,East,Monitor,1,151.56,24.87
2023-04-04,East,Keyboard,8,6906.73,677.16
2023-07-02,North,Printer,8,924.2,208.24
2023-02-11,South,USB Hub,4,4405.83,509.17
2023-03-14,West,Mouse,1,155.59,7.9
2023-02-16,South,Printer,9,3515.15,526.71
2023-09-04,North,Desk Chair,3,368.37,54.33
2023-06-03,North,Desk Chair,1,544.93,80.55
2023-10-25,North,Webcam,3,2074.1,419.87
2023-06-26,East,Desk,8,3387.05,463.14
2023-02-24,South,Headphones,3,3549.62,739.23
2023-04-28,East,Mouse,7,2941.96,467.53
2023-07-08,South,Printer,6,2916.98,175.76
2023-09-23,East,Laptop,6,4890.19,684.97
2023-06-06,East,Printer,7,3088.67,546.54
2023-12-02,North,Mouse,7,6329.79,1007.32
2023-03-31,East,USB Hub,7,4143.54,229.44
2023-07-31,South,Mouse,3,3484.14,672.53
2023-01-02,North,USB Hub,1,1079.59,167.35
2023-09-26,North,Desk Chair,8,6585.55,1207.44
2023-05-29,North,Monitor,4,333.85,18.17
2023-03-28,East,Laptop,7,3342.36,259.61
2023-05-10,North,Webcam,4,4124.87,980.66
2023-07-02,West,Mouse,8,7426.41,1820.08
2023-09-29,West,Mouse,3,1269.41,228.1
2023-05-14,East,Laptop,4,643.48,74.37
2023-05-03,West,Keyboard,6,4348.97,559.83
2023-03-12,West,Desk Chair,3,1263.62,282.96
2023-04-17,North,Webcam,5,4683.11,1027.99
2023-01-11,East,Headphones,3,645.87,123.57
2023-10-20,East,Monitor,9,6927.13,618.57
2023-01-17,South,Desk Chair,5,4513.29,980.77
2023-11-24,South,Desk Chair,8,7133.74,793.65
2023-01-14,East,Desk Chair,6,3855.32,392.4
2023-06-18,North,Laptop,1,163.14,18.04
2023-09-14,North,Laptop,7,5100.82,424.65
2023-04-16,East,Headphones,5,3741.45,912.78
2023-07-16,West,Laptop,3,3326.02,673.33
2023-12-20,East,Desk,6,1479.53,271.25
2023-05-20,North,Laptop,9,4511.79,477.92
2023-05-04,North,Desk,5,4395.27,934.56
2023-04-22,North,Webcam,8,7470.52,949.58
2023-09-10,West,USB Hub,6,5429.67,1145.79
2023-08-24,South,Mouse,2,204.54,46.77
2023-12-09,West,Laptop,7,2517.89,490.84
2023-10-21,South,Webcam,6,6226.43,704.83
2023-11-26,East,USB Hub,7,478.11,28.65
2023-02-20,North,Printer,2,188.93,21.71
2023-04-30,West,USB Hub,8,3343.8,287.3
2023-02-26,North,Laptop,7,4133.69,561.48
2023-08-08,North,USB Hub,9,5031.41,1102.55
2023-10-25,West,USB Hub,9,8344.09,520.58
2023-10-09,West,Printer,9,1446.01,82.85
2023-06-29,East,Laptop,8,8034.51,591.3
2023-03-05,East,USB Hub,7,3757.05,822.04
2023-01-18,South,Headphones,1,484.05,83.91
2023-09-03,East,Mouse,2,824.53,93.26
2023-01-30,West,Keyboard,5,687.02,139.68
2023-05-19,North,Printer,2,2329.38,519.48
2023-01-13,North,Keyboard,8,5042.46,1107.51
2023-07-29,East,Printer,5,1811.26,163.54
2023-09-08,South,Desk,6,1321.9,91.38
2023-02-03,West,Printer,5,768.47,64.85
2023-04-22,East,Keyboard,5,1071.14,67.24
2023-12-05,North,Monitor,3,3076.25,497.87
2023-09-07,South,Monitor,2,77.83,18.89
2023-03-18,West,Mouse,5,3658.96,241.28
2023-10-09,North,Printer,8,3424.91,195.37
2023-09-11,West,Keyboard,9,4496.14,1015.98
2023-01-05,East,Headphones,4,3022.95,230.52
2023-06-27,East,Monitor,8,8739.32,1766.04
2023-12-21,North,Keyboard,4,3650.45,528.7
2023-01-11,North,USB Hub,5,5973.51,836.62
2023-08-25,East,Webcam,1,1181.89,108.52
2023-05-31,North,Printer,4,4038.23,854.95
2023-12-28,East,Headphones,9,273.21,34.54
2023-09-13,South,Webcam,1,122.31,19.28
2023-09-01,West,Mouse,6,4518.0,335.01
2023-08-14,East,Webcam,7,7915.42,1466.91
2023-03-19,South,Headphones,6,2071.01,241.14
2023-02-25,West,Monitor,9,8307.66,1959.62
2023-03-15,South,Desk,9,2681.95,300.54
2023-08-09,East,Mouse,3,917.59,83.22
2023-01-04,North,Laptop,2,150.9,17.77
2023-08-03,North,USB Hub,2,1932.34,264.55
2023-03-02,East,Keyboard,5,1165.88,279.27
2023-03-04,South,Printer,9,3644.46,733.41
2023-09-17,West,Desk Chair,9,1596.12,157.23
2023-01-28,West,Laptop,4,1495.67,216.67
2023-06-16,North,USB Hub,1,491.98,30.25
2023-06-23,South,USB Hub,6,1194.34,202.51
2023-10-21,North,Desk Chair,7,3603.7,685.49
2023-11-20,West,Monitor,7,2257.97,534.68
2023-08-20,East,Desk,7,6726.48,1019.67
2023-06-17,South,Webcam,3,1881.29,416.46
2023-06-26,West,Desk Chair,9,8652.69,1928.45
2023-07-14,South,Headphones,6,4998.98,1113.41
2023-08-30,North,Desk Chair,7,3665.85,264.78
2023-11-08,South,USB Hub,4,4222.98,383.44
2023-12-09,North,USB Hub,6,4068.44,247.86
2023-06-05,South,Laptop,5,2470.01,371.86
2023-02-06,East,Headphones,3,1139.36,100.87
2023-03-03,West,Desk Chair,4,1485.9,306.11
2023-12-31,South,Keyboard,7,218.83,14.24
2023-02-03,South,Headphones,2,849.54,210.37
2023-02-11,South,Printer,9,2082.72,475.34
2023-01-10,East,Keyboard,6,2611.34,499.09
2023-07-12,West,Monitor,1,352.55,30.62
2023-08-01,South,Headphones,1,45.78,9.38
2023-07-04,South,Desk Chair,4,2939.83,398.85
2023-03-04,North,Desk Chair,3,2833.6,147.64
2023-11-30,North,Webcam,8,8592.79,1173.5
2023-10-19,North,Monitor,6,6554.77,1357.09
2023-08-07,West,Desk Chair,5,5677.69,348.88
2023-08-26,East,Printer,7,557.19,88.85
2023-01-25,North,USB Hub,5,942.6,156.44
2023-07-17,North,USB Hub,9,3143.07,411.72
2023-07-12,North,Laptop,3,2964.89,380.85
2023-02-09,North,Monitor,3,2644.21,321.41
2023-02-24,North,Desk,4,1573.68,106.06
2023-07-03,North,Printer,7,6028.41,775.14
2023-03-28,West,USB Hub,9,245.67,52.12
2023-07-30,East,Laptop,8,1022.11,84.11
2023-02-11,East,Monitor,4,3800.31,208.29
2023-09-15,West,Headphones,4,3613.86,334.75
2023-09-03,South,USB Hub,7,4545.25,596.01
2023-07-16,South,Desk Chair,4,2927.32,279.42
2023-11-03,West,Printer,8,6720.52,1028.46
2023-02-26,South,Headphones,3,2224.15,276.23
2023-12-10,North,Printer,3,108.36,24.83
2023-10-15,West,Printer,9,8482.5,1245.52
2023-08-02,East,Desk,3,1256.45,240.11
2023-08-01,East,Keyboard,1,905.71,88.03
2023-11-11,West,Desk,7,4361.63,606.72
2023-01-27,South,Webcam,2,1584.26,355.67
2023-03-23,South,Printer,8,5664.52,1096.67
2023-11-23,West,Headphones,4,516.36,73.11
2023-07-20,South,Keyboard,8,9285.97,2243.75
2023-08-08,North,Desk,4,4032.76,462.15
